"init";"K";"P";"u";"SE_u";"v";"SE_v";"w"
"Gauss";3;1;"-0.284";"0.0021";"-2.404";"0.5279";"0.302"
"Gauss";3;2;"-0.130";"0.0016";"-0.142";"0.0516";"0.328"
"Gauss";3;3;"0.347";"0.0009";"2.091";"0.0085";"0.370"
"Gauss";2;1;"-0.261";"0.0013";"-1.781";"0.1697";"0.482"
"Gauss";2;2;"0.243";"0.0007";"1.656";"0.0075";"0.518"
"Unif";3;1;"-0.331";"0.0030";"-2.020";"0.3575";"0.226"
"Unif";3;2;"-0.109";"0.0012";"-0.403";"0.0371";"0.451"
"Unif";3;3;"0.384";"0.0010";"1.979";"0.0092";"0.323"
"Unif";2;1;"-0.208";"0.0009";"-1.069";"0.0513";"0.630"
"Unif";2;2;"0.354";"0.0009";"1.817";"0.0084";"0.370"
